{"meta": {"format": 2, "version": "7.5.4", "timestamp": "2024-07-09T00:46:20.481892", "branch_coverage": false, "show_contexts": false}, "files": {"src/rendering.py": {"executed_lines": [1, 6, 8, 22, 23, 24, 27, 47, 49, 51, 52, 55, 56, 58, 61, 64, 76, 81, 82, 85, 103, 104, 108, 112, 113, 114, 115, 116, 117, 118, 119, 120, 121, 124, 139, 142, 145, 158, 161, 163, 165, 167, 168, 169, 170, 172, 173, 174, 175, 177, 178, 179, 180, 183, 194, 195, 196, 197, 198, 199], "summary": {"covered_lines": 59, "num_statements": 63, "percent_covered": 93.65079365079364, "percent_covered_display": "94", "missing_lines": 4, "excluded_lines": 0}, "missing_lines": [48, 105, 140, 159], "excluded_lines": []}, "src/templates.py": {"executed_lines": [1, 8, 10, 24, 25, 27, 30, 32, 33, 35, 36, 37, 39, 40, 41, 42, 43, 44, 45, 48, 64, 65, 66, 67, 70, 73, 88, 90, 91, 93, 95, 97, 115, 128, 129, 130, 132, 133, 135, 136, 137, 139, 140, 141, 143, 144, 145, 146, 147, 150, 163, 164, 166, 167, 170, 171, 172], "summary": {"covered_lines": 56, "num_statements": 74, "percent_covered": 75.67567567567568, "percent_covered_display": "76", "missing_lines": 18, "excluded_lines": 0}, "missing_lines": [38, 69, 99, 100, 102, 103, 104, 105, 106, 107, 108, 110, 111, 112, 165, 168, 169, 173], "excluded_lines": []}, "src/validation.py": {"executed_lines": [1, 8, 10, 21, 22, 23, 24, 25, 26, 27, 28, 29, 30, 31, 32, 33, 34, 35, 38, 49, 50, 51, 52, 54, 58, 64, 74, 75, 76, 77, 78, 81, 91, 92, 93, 94, 96, 97, 98, 101, 112, 113, 114, 115, 120, 121, 123, 124, 125, 127, 128, 129, 132, 146, 147, 148, 151, 164, 166, 168, 170, 171, 173, 175, 176, 178, 179, 180, 182, 197, 198, 199, 200, 202, 203], "summary": {"covered_lines": 74, "num_statements": 80, "percent_covered": 92.5, "percent_covered_display": "92", "missing_lines": 6, "excluded_lines": 0}, "missing_lines": [53, 55, 56, 57, 59, 177], "excluded_lines": []}, "tests/test_rendering.py": {"executed_lines": [2, 3, 5, 7, 17, 18, 19, 20, 37, 38, 39, 60, 62, 63, 66, 67, 68, 69, 70, 71, 73, 74, 75, 76, 77, 79, 80, 81, 82, 83, 85, 86, 87, 88, 89, 91, 92, 93, 94, 95, 103, 104, 105, 107, 108, 109, 110, 116, 117, 120, 121, 122, 125, 134, 135, 136, 138, 139, 142, 150, 151, 152, 154, 155, 158, 170, 171, 173, 174, 175, 176, 181, 182, 184, 185, 187, 188, 193, 197, 198, 199, 202, 203, 204, 207, 217, 221, 222, 225, 226, 230, 248, 253, 254, 257, 258, 267, 281, 286, 287, 289, 290, 298, 312, 313, 316, 317, 323, 324, 325, 331, 337, 338, 341, 342, 343, 348, 360, 364, 365, 366, 368, 369, 379, 391, 396, 397, 399, 400, 410, 426, 427, 429], "summary": {"covered_lines": 133, "num_statements": 134, "percent_covered": 99.25373134328358, "percent_covered_display": "99", "missing_lines": 1, "excluded_lines": 0}, "missing_lines": [430], "excluded_lines": []}, "tests/test_template.py": {"executed_lines": [2, 6, 7, 9, 16, 31, 32, 41, 67, 82, 84, 85, 86, 93, 94, 102, 109, 115, 118, 119, 121, 122, 123, 125, 130, 132, 133, 135, 136, 137, 138, 139, 142, 143, 146, 153, 155, 156, 157, 159, 160, 161, 162, 165, 166, 168, 170, 171, 172, 173, 174, 176, 177, 183, 185, 189, 191, 192, 193, 195, 196, 197, 198, 199, 201, 202, 211, 213, 219, 221, 222, 223, 225, 226, 227, 228, 229, 230, 237, 239, 240, 245, 247, 248, 257, 259, 267, 269, 270, 271, 272, 274, 275, 276, 277, 278, 279, 286, 288, 289, 294, 296, 297, 306, 308, 317, 319, 320, 321, 322, 325, 326, 327, 332, 337, 338, 340, 341, 346, 347, 352, 353, 356, 357, 358, 363, 368, 376, 377, 379, 380, 385, 390, 396, 397, 399, 400, 406, 412, 420, 421, 423, 424, 431, 438, 448, 449, 451, 452, 457, 461, 466, 467, 469, 470, 474, 479, 480, 482, 483, 487, 491, 497, 498, 501, 502, 503, 508, 510, 511, 516, 517, 520], "summary": {"covered_lines": 172, "num_statements": 189, "percent_covered": 91.005291005291, "percent_covered_display": "91", "missing_lines": 17, "excluded_lines": 0}, "missing_lines": [33, 34, 39, 56, 58, 59, 60, 64, 87, 91, 95, 99, 103, 107, 110, 114, 521], "excluded_lines": []}, "tests/test_validation.py": {"executed_lines": [2, 4, 15, 16, 17, 18, 19, 20, 21, 22, 23, 24, 25, 26, 28, 29, 30, 32, 33, 34, 40, 42, 43, 48, 49, 51, 52, 53, 69, 70, 71, 73, 74, 90, 91, 92, 95, 96, 97, 103, 108, 109, 111, 112, 116, 120, 121, 124, 125, 126, 132, 138, 140, 141, 147, 153, 155, 156, 162, 168, 169, 172, 173, 179, 184, 185, 187, 188, 194, 201, 202, 205, 206, 207, 211, 219, 221, 222, 226, 234, 236, 237, 241, 248, 249, 251, 252, 256, 263, 264, 267, 268, 269, 273, 281, 283, 284, 288, 296, 298, 299, 302, 307, 309, 310, 314, 321, 322, 324, 325, 329, 337, 338, 340, 341, 344, 348, 349, 352, 353, 354, 372, 383, 385, 386, 404, 410, 412, 413, 431, 437, 438, 440], "summary": {"covered_lines": 133, "num_statements": 134, "percent_covered": 99.25373134328358, "percent_covered_display": "99", "missing_lines": 1, "excluded_lines": 0}, "missing_lines": [441], "excluded_lines": []}, "yamelinno.py": {"executed_lines": [], "summary": {"covered_lines": 0, "num_statements": 31, "percent_covered": 0.0, "percent_covered_display": "0", "missing_lines": 31, "excluded_lines": 0}, "missing_lines": [6, 7, 9, 10, 11, 13, 20, 24, 25, 31, 36, 41, 44, 45, 48, 50, 53, 54, 56, 59, 65, 66, 67, 68, 69, 71, 72, 74, 75, 77, 78], "excluded_lines": []}}, "totals": {"covered_lines": 627, "num_statements": 705, "percent_covered": 88.93617021276596, "percent_covered_display": "89", "missing_lines": 78, "excluded_lines": 0}}