{"meta": {"format": 2, "version": "7.5.4", "timestamp": "2024-07-10T02:08:09.908763", "branch_coverage": false, "show_contexts": false}, "files": {"src/rendering.py": {"executed_lines": [1, 6, 8, 22, 23, 24, 27, 47, 49, 51, 52, 55, 56, 58, 61, 64, 76, 81, 82, 85, 103, 104, 108, 112, 113, 114, 115, 116, 117, 118, 119, 120, 121, 124, 139, 142, 145, 158, 161, 163, 165, 167, 168, 169, 170, 172, 173, 174, 175, 177, 178, 179, 180, 183, 194, 195, 196, 197, 198, 199], "summary": {"covered_lines": 59, "num_statements": 63, "percent_covered": 93.65079365079364, "percent_covered_display": "94", "missing_lines": 4, "excluded_lines": 0}, "missing_lines": [48, 105, 140, 159], "excluded_lines": []}, "src/templates.py": {"executed_lines": [1, 7, 8, 10, 12, 26, 27, 30, 31, 33, 34, 36, 37, 39, 40, 41, 45, 60, 61, 62, 63, 64, 65, 66, 68, 71, 73, 74, 76, 77, 78, 80, 81, 82, 83, 84, 85, 86, 89, 105, 106, 108, 111, 112, 113, 115, 116, 119, 134, 137, 150, 151, 152, 154, 155, 157, 158, 159, 161, 162, 163, 165, 166, 167, 168, 169, 172, 185, 186, 188, 189, 192, 193, 194], "summary": {"covered_lines": 73, "num_statements": 80, "percent_covered": 91.25, "percent_covered_display": "91", "missing_lines": 7, "excluded_lines": 0}, "missing_lines": [38, 42, 79, 187, 190, 191, 195], "excluded_lines": []}, "src/validation.py": {"executed_lines": [1, 8, 10, 21, 22, 23, 24, 25, 26, 27, 28, 29, 30, 31, 32, 33, 34, 35, 38, 49, 50, 51, 52, 53, 54, 55, 56, 58, 59, 64, 74, 75, 76, 77, 78, 81, 91, 92, 93, 94, 96, 97, 98, 101, 112, 113, 114, 115, 120, 121, 123, 124, 125, 127, 128, 129, 132, 146, 147, 148, 151, 164, 166, 168, 170, 171, 173, 175, 176, 177, 178, 179, 180, 182, 197, 198, 199, 200, 202, 203], "summary": {"covered_lines": 79, "num_statements": 80, "percent_covered": 98.75, "percent_covered_display": "99", "missing_lines": 1, "excluded_lines": 0}, "missing_lines": [57], "excluded_lines": []}, "tests/test_rendering.py": {"executed_lines": [2, 3, 5, 7, 17, 18, 19, 20, 37, 38, 39, 60, 62, 63, 66, 67, 68, 69, 70, 71, 73, 74, 75, 76, 77, 79, 80, 81, 82, 83, 85, 86, 87, 88, 89, 91, 92, 93, 94, 95, 103, 104, 105, 107, 108, 109, 110, 116, 117, 120, 121, 122, 125, 134, 135, 136, 138, 139, 142, 150, 151, 152, 154, 155, 158, 170, 171, 173, 174, 175, 176, 181, 182, 184, 185, 187, 188, 193, 197, 198, 199, 202, 203, 204, 207, 217, 221, 222, 225, 226, 230, 248, 253, 254, 257, 258, 267, 281, 286, 287, 289, 290, 298, 312, 313, 316, 317, 323, 324, 325, 331, 337, 338, 341, 342, 343, 348, 360, 364, 365, 366, 368, 369, 379, 391, 396, 397, 399, 400, 410, 426, 427, 429], "summary": {"covered_lines": 133, "num_statements": 134, "percent_covered": 99.25373134328358, "percent_covered_display": "99", "missing_lines": 1, "excluded_lines": 0}, "missing_lines": [430], "excluded_lines": []}, "tests/test_template.py": {"executed_lines": [2, 6, 7, 9, 17, 32, 33, 34, 35, 36, 38, 40, 45, 47, 62, 64, 65, 66, 70, 73, 88, 90, 91, 92, 99, 100, 108, 115, 116, 120, 121, 123, 124, 125, 126, 128, 130, 131, 132, 135, 136, 138, 139, 140, 142, 144, 145, 146, 148, 149, 151, 152, 153, 155, 156, 159, 160, 161, 163, 165, 166, 167, 169, 170, 172, 173, 174, 175, 176, 178, 179, 181, 182, 184, 185, 187, 188, 189, 191, 192, 194, 195, 196, 198, 199, 201, 202, 203, 205, 206, 207, 209, 210, 211, 214, 215, 217, 218, 219, 221, 226, 228, 229, 231, 232, 233, 234, 235, 238, 239, 242, 249, 251, 252, 253, 255, 256, 257, 258, 261, 262, 264, 266, 267, 268, 269, 270, 272, 273, 279, 281, 285, 287, 288, 289, 291, 292, 293, 294, 295, 301, 302, 304, 308, 310, 311, 312, 314, 315, 316, 317, 318, 320, 321, 330, 332, 338, 340, 341, 342, 344, 345, 346, 347, 348, 349, 356, 358, 359, 364, 366, 367, 376, 378, 386, 388, 389, 390, 391, 393, 394, 395, 396, 397, 398, 405, 407, 408, 413, 415, 416, 425, 427, 436, 438, 439, 440, 441, 444, 445, 446, 451, 456, 457, 459, 460, 465, 466, 471, 472, 474, 475, 480, 481, 482, 484, 485, 490, 496, 497, 499, 500, 506, 511, 513, 515, 516, 517, 522, 527, 535, 536, 538, 539, 544, 549, 555, 556, 558, 559, 565, 571, 579, 580, 582, 583, 590, 597, 607, 608, 610, 611, 616, 620, 625, 626, 628, 629, 633, 638, 639, 641, 642, 646, 650, 656, 657, 660, 661, 662, 667, 669, 670, 675, 676, 679], "summary": {"covered_lines": 275, "num_statements": 282, "percent_covered": 97.51773049645391, "percent_covered_display": "98", "missing_lines": 7, "excluded_lines": 0}, "missing_lines": [93, 97, 101, 105, 109, 113, 680], "excluded_lines": []}, "tests/test_validation.py": {"executed_lines": [2, 4, 15, 16, 17, 18, 19, 20, 21, 22, 23, 24, 25, 26, 28, 29, 30, 32, 33, 34, 40, 42, 43, 48, 49, 51, 52, 60, 62, 63, 68, 70, 71, 76, 77, 79, 80, 81, 97, 98, 99, 101, 102, 118, 119, 120, 123, 124, 125, 131, 136, 137, 139, 140, 144, 148, 149, 152, 153, 154, 160, 166, 168, 169, 175, 181, 183, 184, 190, 196, 197, 200, 201, 207, 212, 213, 215, 216, 222, 229, 230, 233, 234, 235, 239, 247, 249, 250, 254, 262, 264, 265, 269, 276, 277, 279, 280, 284, 291, 292, 295, 296, 297, 301, 309, 311, 312, 316, 324, 326, 327, 330, 335, 337, 338, 342, 349, 350, 352, 353, 357, 365, 366, 368, 369, 372, 376, 377, 379, 380, 381, 385, 386, 388, 389, 390, 408, 419, 421, 422, 440, 446, 448, 449, 467, 473, 474, 476], "summary": {"covered_lines": 148, "num_statements": 149, "percent_covered": 99.32885906040268, "percent_covered_display": "99", "missing_lines": 1, "excluded_lines": 0}, "missing_lines": [477], "excluded_lines": []}, "tests/test_yamelinno.py": {"executed_lines": [1, 5, 7, 9, 10, 11, 12, 14, 15, 16, 18, 19, 20, 22], "summary": {"covered_lines": 13, "num_statements": 14, "percent_covered": 92.85714285714286, "percent_covered_display": "93", "missing_lines": 1, "excluded_lines": 0}, "missing_lines": [23], "excluded_lines": []}, "yamelinno.py": {"executed_lines": [2, 6, 7, 9, 10, 11, 13, 20, 24, 25, 31, 36, 41, 44, 45, 59, 65, 77], "summary": {"covered_lines": 17, "num_statements": 31, "percent_covered": 54.83870967741935, "percent_covered_display": "55", "missing_lines": 14, "excluded_lines": 0}, "missing_lines": [48, 50, 53, 54, 56, 66, 67, 68, 69, 71, 72, 74, 75, 78], "excluded_lines": []}}, "totals": {"covered_lines": 797, "num_statements": 833, "percent_covered": 95.6782713085234, "percent_covered_display": "96", "missing_lines": 36, "excluded_lines": 0}}