{"meta": {"format": 2, "version": "7.5.4", "timestamp": "2024-07-09T01:58:07.101522", "branch_coverage": false, "show_contexts": false}, "files": {"src/rendering.py": {"executed_lines": [1, 6, 8, 22, 23, 24, 27, 47, 49, 51, 52, 55, 56, 58, 61, 64, 76, 81, 82, 85, 103, 104, 108, 112, 113, 114, 115, 116, 117, 118, 119, 120, 121, 124, 139, 142, 145, 158, 161, 163, 165, 167, 168, 169, 170, 172, 173, 174, 175, 177, 178, 179, 180, 183, 194, 195, 196, 197, 198, 199], "summary": {"covered_lines": 59, "num_statements": 63, "percent_covered": 93.65079365079364, "percent_covered_display": "94", "missing_lines": 4, "excluded_lines": 0}, "missing_lines": [48, 105, 140, 159], "excluded_lines": []}, "src/templates.py": {"executed_lines": [1, 8, 10, 24, 25, 27, 30, 32, 33, 35, 36, 37, 39, 40, 41, 42, 43, 44, 45, 48, 64, 65, 66, 67, 70, 73, 88, 90, 91, 93, 95, 97, 115, 128, 129, 130, 132, 133, 135, 136, 137, 139, 140, 141, 143, 144, 145, 146, 147, 150, 163, 164, 166, 167, 170, 171, 172], "summary": {"covered_lines": 56, "num_statements": 74, "percent_covered": 75.67567567567568, "percent_covered_display": "76", "missing_lines": 18, "excluded_lines": 0}, "missing_lines": [38, 69, 99, 100, 102, 103, 104, 105, 106, 107, 108, 110, 111, 112, 165, 168, 169, 173], "excluded_lines": []}, "src/validation.py": {"executed_lines": [1, 8, 10, 21, 22, 23, 24, 25, 26, 27, 28, 29, 30, 31, 32, 33, 34, 35, 38, 49, 50, 51, 52, 53, 54, 55, 56, 58, 59, 64, 74, 75, 76, 77, 78, 81, 91, 92, 93, 94, 96, 97, 98, 101, 112, 113, 114, 115, 120, 121, 123, 124, 125, 127, 128, 129, 132, 146, 147, 148, 151, 164, 166, 168, 170, 171, 173, 175, 176, 177, 178, 179, 180, 182, 197, 198, 199, 200, 202, 203], "summary": {"covered_lines": 79, "num_statements": 80, "percent_covered": 98.75, "percent_covered_display": "99", "missing_lines": 1, "excluded_lines": 0}, "missing_lines": [57], "excluded_lines": []}, "tests/test_rendering.py": {"executed_lines": [2, 3, 5, 7, 17, 18, 19, 20, 37, 38, 39, 60, 62, 63, 66, 67, 68, 69, 70, 71, 73, 74, 75, 76, 77, 79, 80, 81, 82, 83, 85, 86, 87, 88, 89, 91, 92, 93, 94, 95, 103, 104, 105, 107, 108, 109, 110, 116, 117, 120, 121, 122, 125, 134, 135, 136, 138, 139, 142, 150, 151, 152, 154, 155, 158, 170, 171, 173, 174, 175, 176, 181, 182, 184, 185, 187, 188, 193, 197, 198, 199, 202, 203, 204, 207, 217, 221, 222, 225, 226, 230, 248, 253, 254, 257, 258, 267, 281, 286, 287, 289, 290, 298, 312, 313, 316, 317, 323, 324, 325, 331, 337, 338, 341, 342, 343, 348, 360, 364, 365, 366, 368, 369, 379, 391, 396, 397, 399, 400, 410, 426, 427, 429], "summary": {"covered_lines": 133, "num_statements": 134, "percent_covered": 99.25373134328358, "percent_covered_display": "99", "missing_lines": 1, "excluded_lines": 0}, "missing_lines": [430], "excluded_lines": []}, "tests/test_template.py": {"executed_lines": [2, 6, 7, 9, 16, 31, 32, 33, 34, 35, 37, 39, 44, 46, 61, 63, 64, 65, 69, 72, 87, 89, 90, 91, 98, 99, 107, 114, 115, 119, 120, 122, 123, 124, 125, 127, 129, 130, 131, 134, 135, 137, 138, 139, 141, 143, 144, 145, 147, 148, 150, 151, 152, 154, 155, 158, 159, 160, 162, 164, 165, 166, 168, 169, 172, 173, 175, 176, 177, 179, 184, 186, 187, 189, 190, 191, 192, 193, 196, 197, 200, 207, 209, 210, 211, 213, 214, 215, 216, 219, 220, 222, 224, 225, 226, 227, 228, 230, 231, 237, 239, 243, 245, 246, 247, 249, 250, 251, 252, 253, 255, 256, 265, 267, 273, 275, 276, 277, 279, 280, 281, 282, 283, 284, 291, 293, 294, 299, 301, 302, 311, 313, 321, 323, 324, 325, 326, 328, 329, 330, 331, 332, 333, 340, 342, 343, 348, 350, 351, 360, 362, 371, 373, 374, 375, 376, 379, 380, 381, 386, 391, 392, 394, 395, 400, 401, 406, 407, 410, 411, 412, 417, 422, 430, 431, 433, 434, 439, 444, 450, 451, 453, 454, 460, 466, 474, 475, 477, 478, 485, 492, 502, 503, 505, 506, 511, 515, 520, 521, 523, 524, 528, 533, 534, 536, 537, 541, 545, 551, 552, 555, 556, 557, 562, 564, 565, 570, 571, 574], "summary": {"covered_lines": 218, "num_statements": 225, "percent_covered": 96.88888888888889, "percent_covered_display": "97", "missing_lines": 7, "excluded_lines": 0}, "missing_lines": [92, 96, 100, 104, 108, 112, 575], "excluded_lines": []}, "tests/test_validation.py": {"executed_lines": [2, 4, 15, 16, 17, 18, 19, 20, 21, 22, 23, 24, 25, 26, 28, 29, 30, 32, 33, 34, 40, 42, 43, 48, 49, 51, 52, 60, 62, 63, 68, 70, 71, 76, 77, 79, 80, 81, 97, 98, 99, 101, 102, 118, 119, 120, 123, 124, 125, 131, 136, 137, 139, 140, 144, 148, 149, 152, 153, 154, 160, 166, 168, 169, 175, 181, 183, 184, 190, 196, 197, 200, 201, 207, 212, 213, 215, 216, 222, 229, 230, 233, 234, 235, 239, 247, 249, 250, 254, 262, 264, 265, 269, 276, 277, 279, 280, 284, 291, 292, 295, 296, 297, 301, 309, 311, 312, 316, 324, 326, 327, 330, 335, 337, 338, 342, 349, 350, 352, 353, 357, 365, 366, 368, 369, 372, 376, 377, 379, 380, 381, 385, 386, 388, 389, 390, 408, 419, 421, 422, 440, 446, 448, 449, 467, 473, 474, 476], "summary": {"covered_lines": 148, "num_statements": 149, "percent_covered": 99.32885906040268, "percent_covered_display": "99", "missing_lines": 1, "excluded_lines": 0}, "missing_lines": [477], "excluded_lines": []}, "tests/test_yamelinno.py": {"executed_lines": [1, 5, 7, 9, 10, 11, 12, 14, 15, 16, 18, 19, 20, 22], "summary": {"covered_lines": 13, "num_statements": 14, "percent_covered": 92.85714285714286, "percent_covered_display": "93", "missing_lines": 1, "excluded_lines": 0}, "missing_lines": [23], "excluded_lines": []}, "yamelinno.py": {"executed_lines": [2, 6, 7, 9, 10, 11, 13, 20, 24, 25, 31, 36, 41, 44, 45, 59, 65, 77], "summary": {"covered_lines": 17, "num_statements": 31, "percent_covered": 54.83870967741935, "percent_covered_display": "55", "missing_lines": 14, "excluded_lines": 0}, "missing_lines": [48, 50, 53, 54, 56, 66, 67, 68, 69, 71, 72, 74, 75, 78], "excluded_lines": []}}, "totals": {"covered_lines": 723, "num_statements": 770, "percent_covered": 93.8961038961039, "percent_covered_display": "94", "missing_lines": 47, "excluded_lines": 0}}